{
  "mean_loss": 10.599064826965332,
  "perplexity": 40097.32195762323,
  "n": 1
}